# Name,     Type, SubType, Offset,   Size, Flags
# Note: if you have increased the bootloader size, make sure to update the offsets to avoid overlap,,,,
nvs,        data, nvs,      0x9000,  0x6000,
factory,0,0,        0x10000, 3M,
flash_test, data, fat,      ,        528K,
# Offline game cache (FAT + wear levelling): catalog.bin + one .cmd per game.
# CMD images are <= 64K (Z80 address space), so 8M holds 100+ games.
games,      data, fat,      ,        8M,
# FreHD's files (FREHD.ROM + hard-disk images), read-only, memory-mapped;
# see main/flash_disk.cpp and scripts/pack_trs_disk.py. Custom subtype.
trsdisk,    data, 0x40,     ,        2M,
# TRS-IO's web UI (gzipped), built by components/trs-io/CMakeLists.txt.
html,       data, spiffs,   ,        256K,
