# Name,     Type, SubType, Offset,   Size, Flags
# Seeed SenseCAP Watcher, 32 MB flash.
#
# Seeed's firmware keeps the device's factory identity (what SenseCraft knows
# this Watcher by) in an NVS partition `nvsfactory` at 0x9000, 200K. It is
# unique to each device and cannot be downloaded again. It is declared here,
# at the place Seeed's own table has it, only so that nothing else lands on
# it: TrashBoy never opens it, and with the partition table at the default
# 0x8000 a flash writes nothing between 0x9000 and 0x3B000.
nvsfactory, data, nvs,     0x9000,   200K,
nvs,        data, nvs,     0x3B000,  0x6000,
factory,    app,  factory, 0x50000,  3M,
